№,"Поисковый запрос",Магазин,Результаты,Посещения
1405,"Craft AB CLASSIC JERSEY","English
   Ярус
      Russian
",144,1
1404,"SHIFT FREE halfzip 1903656","English
   Ярус
      Russian
",0,1
1403,"Path Convert Jacket","English
   Ярус
      Russian
",0,1
1402,"Craft Basic","English
   Ярус
      Russian
",144,1
1401,"norika 2","English
   Ярус
      Russian
",157,1
1400,велоштаны,"English
   Ярус
      Russian
",0,1
1399,1900020-3430,"English
   Ярус
      Russian
",0,1
1398,JP_1900263_1999_122,"English
   Ярус
      Russian
",0,1
1397,"1901639 2350","English
   Ярус
      Russian
",10,1
1396,KW_1901639_9980_M,"English
   Ярус
      Russian
",0,1
1395,1901639,"English
   Ярус
      Russian
",3,1
1394,"Craft Active Multi","English
   Ярус
      Russian
",144,6
1393,1901915,"English
   Ярус
      Russian
",0,1
1392,19004_2999,"English
   Ярус
      Russian
",0,1
1391,400000738,"English
   Ярус
      Russian
",0,1
1390,1901662_9656,"English
   Ярус
      Russian
",1,1
1389,манишка,"English
   Ярус
      Russian
",0,2
1388,"PR LONGER SHORTS MEN","English
   Ярус
      Russian
",1,1
1387,"COOL BIKE","English
   Ярус
      Russian
",43,2
1386,"CRAFT COOL BIKE","English
   Ярус
      Russian
",144,1
1385,"2 слой","English
   Ярус
      Russian
",157,1
1384,"knee warm","English
   Ярус
      Russian
",51,2
1383,"basic too","English
   Ярус
      Russian
",4,1
1382,193755,"English
   Ярус
      Russian
",0,1
1381,1901321,"English
   Ярус
      Russian
",0,1
1380,190985_9920,"English
   Ярус
      Russian
",1,4
1379,1902586,"English
   Ярус
      Russian
",0,1
1378,1901671,"English
   Ярус
      Russian
",0,1
1377,1902497-2851,"English
   Ярус
      Russian
",0,1
1376,1902212-2344,"English
   Ярус
      Russian
",0,1
1375,кросовки,"English
   Ярус
      Russian
",0,1
1374,Classic,"English
   Ярус
      Russian
",0,1
1373,"Free Jersey M","English
   Ярус
      Russian
",142,1
1372,"craft cool","English
   Ярус
      Russian
",144,4
1371,"men warm","English
   Ярус
      Russian
",51,1
1370,1900695,"English
   Ярус
      Russian
",0,1
1369,1902365,"English
   Ярус
      Russian
",0,1
1368,1900252,"English
   Ярус
      Russian
",0,1
1367,"Guango термо белье","English
   Ярус
      Russian
",158,2
1366,"shift vest","English
   Ярус
      Russian
",0,1
1365,"Craft Junior Bike Shorts 122/128 Black","English
   Ярус
      Russian
",16,3
1364,1903297,"English
   Ярус
      Russian
",0,1
1363,"МУЖСКАЯ ТЕРМОРУБАШКА CRAFT EXTREME CONCEPT PIECE LS (1900252_9920)","English
   Ярус
      Russian
",144,1
1362,1902859_1950,"English
   Ярус
      Russian
",0,1
1361,"неделя  скидок","English
   Ярус
      Russian
",0,1
1360,crewneck,"English
   Ярус
      Russian
",0,1
1359,craft,"English
   Ярус
      Russian
",144,6
1358,"cool термобельё","English
   Ярус
      Russian
",153,2
1357,"ACTIVE CREWNECK","English
   Ярус
      Russian
",86,1
1356,"Craft Active Face Protector","English
   Ярус
      Russian
",151,1
1355,1900244_2334,"English
   Ярус
      Russian
",1,1
1354,1900244_2334_S,"English
   Ярус
      Russian
",0,1
1353,"футболка norfin","English
   Ярус
      Russian
",93,4
1352,велотрусы,"English
   Ярус
      Russian
",0,1
1351,велошорты,"English
   Ярус
      Russian
",0,1
1350,craft-warm,"English
   Ярус
      Russian
",10,1
1349,"SPORT BRA","English
   Ярус
      Russian
",0,1
1348,"маска, балаклава. подшлемнк","English
   Ярус
      Russian
",0,1
1347,"craft active extreme","English
   Ярус
      Russian
",151,1
1346,multi-2pack,"English
   Ярус
      Russian
",0,2
1345,лосины,"English
   Ярус
      Russian
",36,1
1344,1902858,"English
   Ярус
      Russian
",0,2
1343,"keep Warm","English
   Ярус
      Russian
",58,1
1342,2900262,"English
   Ярус
      Russian
",0,1
1341,Extreme,"English
   Ярус
      Russian
",33,1
1340,"футболки х.б","English
   Ярус
      Russian
",40,1
1339,"Craft Warm Skiing","English
   Ярус
      Russian
",151,1
1338,"Alpine Sock","English
   Ярус
      Russian
",4,1
1337,"1900247_yd-874  CRAFT","English
   Ярус
      Russian
",151,6
1336,1900247_yd-874,"English
   Ярус
      Russian
",0,2
1335,194209,"English
   Ярус
      Russian
",0,1
1334,1900741_2900,"English
   Ярус
      Russian
",1,2
1333,"Extreme Concept","English
   Ярус
      Russian
",33,6
1332,19011635,"English
   Ярус
      Russian
",0,1
1331,1900741_2999,"English
   Ярус
      Russian
",1,1
1330,"спортивный костюм","English
   Ярус
      Russian
",37,2
1329,"Active Multi 2-Pack Women","English
   Ярус
      Russian
",89,2
1328,"OOL Bandana","English
   Ярус
      Russian
",60,1
1327,6331113,"English
   Ярус
      Russian
",0,1
1326,"цены нв термо белё","English
   Ярус
      Russian
",165,1
1325,190990_1999,"English
   Ярус
      Russian
",1,1
1324,SV_MAN_001_02,"English
   Ярус
      Russian
",1,3
1323,19098,"English
   Ярус
      Russian
",22,1
1322,1901640_9980,"English
   Ярус
      Russian
",1,1
1321,1901635_2465,"English
   Ярус
      Russian
",1,1
1320,1900263_1343,"English
   Ярус
      Russian
",1,1
1319,1901632_2318,"English
   Ярус
      Russian
",2,1
1318,1901635_2318,"English
   Ярус
      Russian
",1,2
1317,гарантия,"English
   Ярус
      Russian
",0,1
1316,1901653_2318,"English
   Ярус
      Russian
",1,1
1315,1900263,"English
   Ярус
      Russian
",2,2
1314,"COOL BOXER","English
   Ярус
      Russian
",43,1
1313,рукавицы,"English
   Ярус
      Russian
",0,1
1312,1901662_2474,"English
   Ярус
      Russian
",1,3
1311,1901653_2465,"English
   Ярус
      Russian
",1,1
1310,1901653_2477,"English
   Ярус
      Russian
",1,2
1309,190165360_2477,"English
   Ярус
      Russian
",0,3
1308,invis,"English
   Ярус
      Russian
",5,1
1307,1901639_9980,"English
   Ярус
      Russian
",1,2
1306,"ткани полартек","English
   Ярус
      Russian
",161,1
1305,"купить ткань повер стрейч","English
   Ярус
      Russian
",138,1
1304,ifgrf,"English
   Ярус
      Russian
",0,1
1303,"2 Слой - термобель","English
   Ярус
      Russian
",166,1
1302,901637_2350,"English
   Ярус
      Russian
",2,1
1301,190026,"English
   Ярус
      Russian
",3,1
1300,1901637_2310,"English
   Ярус
      Russian
",2,6
1299,1901640_2310,"English
   Ярус
      Russian
",1,2
1298,1901232_9920,"English
   Ярус
      Russian
",1,1
1297,1901662_9920,"English
   Ярус
      Russian
",0,1
1296,1901662_2310,"English
   Ярус
      Russian
",0,1
1295,1901662_1477,"English
   Ярус
      Russian
",1,2
1294,1901662_1345,"English
   Ярус
      Russian
",1,3
1293,"Active Extreme WS Skall Hat U","English
   Ярус
      Russian
",94,1
1292,1900261,"English
   Ярус
      Russian
",0,2
1291,9004_60,"English
   Ярус
      Russian
",0,1
1290,9004_50,"English
   Ярус
      Russian
",0,1
1289,1902862,"English
   Ярус
      Russian
",2,7
1288,192862,"English
   Ярус
      Russian
",0,1
1287,199985,"English
   Ярус
      Russian
",0,1
1286,19985,"English
   Ярус
      Russian
",0,2
1285,1901637_9980_M,"English
   Ярус
      Russian
",0,1
1284,multi,"English
   Ярус
      Russian
",16,5
1283,"Craft Active с виндстопером","English
   Ярус
      Russian
",131,4
1282,191654,"English
   Ярус
      Russian
",0,1
1281,194616,"English
   Ярус
      Russian
",1,1
1280,400000617,"English
   Ярус
      Russian
",0,1
1279,"Craft Be Active Multi 2-Pack","English
   Ярус
      Russian
",129,7
1278,thermolite,"English
   Ярус
      Russian
",26,1
1277,termolite,"English
   Ярус
      Russian
",0,3
1276,Ventair,"English
   Ярус
      Russian
",0,1
1275,"Wool Pant Men","English
   Ярус
      Russian
",10,1
1274,"Craft Zero Extreme Crewneck","English
   Ярус
      Russian
",129,7
1273,"МУЖСКАЯ ТЕРМОРУБАШКА CRAFT ACTIVE EXTREME CN M","English
   Ярус
      Russian
",131,3
1272,"Craft Zero","English
   Ярус
      Russian
",27,2
1271,SV_WMN_001_03_S,"English
   Ярус
      Russian
",0,1
1270,1901667,"English
   Ярус
      Russian
",0,1
1269,"Craft Zero Extreme (","English
   Ярус
      Russian
",27,2
1268,1900244,"English
   Ярус
      Russian
",1,3
1267,"Craft Active Multi 2-Pack M (1901654)","English
   Ярус
      Russian
",131,1
1266,"Термобельё NORFIN NORD","English
   Ярус
      Russian
",110,5
1265,190983_9920_L,"English
   Ярус
      Russian
",0,1
1264,"CRAFT Active Women","English
   Ярус
      Russian
",157,7
1263,"Craft. Термобелье Active Multi 2-pack 193894","English
   Ярус
      Russian
",172,1
1262,1900707_9999,"English
   Ярус
      Russian
",0,1
1261,%D1%82%D0%B5%D1%80%D0%BC%D0%BE%D0%BD%D0%BE%D1%81%D0%BA%D0%B8,"English
   Ярус
      Russian
",0,1
1260,MAN_002_01,"English
   Ярус
      Russian
",1,1
1259,400000587,"English
   Ярус
      Russian
",0,1
1258,панталоны,"English
   Ярус
      Russian
",0,3
1257,полиэстер,"English
   Ярус
      Russian
",145,1
1256,197010_2999,"English
   Ярус
      Russian
",1,2
1255,1901632_9327,"English
   Ярус
      Russian
",0,1
1254,SV_MAN_001_03,"English
   Ярус
      Russian
",1,3
1253,"самое дешовое","English
   Ярус
      Russian
",0,1
1252,1901637_9980,"English
   Ярус
      Russian
",2,11
1251,SV_MAN_003_03,"English
   Ярус
      Russian
",1,1
1250,SV_MAN_003_03_,"English
   Ярус
      Russian
",0,1
1249,SV_MAN_002_01,"English
   Ярус
      Russian
",1,3
1248,лифчик,"English
   Ярус
      Russian
",0,1
1247,бюсьте,"English
   Ярус
      Russian
",0,1
1246,1900732,"English
   Ярус
      Russian
",1,2
1245,1900740_2999,"English
   Ярус
      Russian
",1,1
1244,1901641_9980,"English
   Ярус
      Russian
",0,1
1243,"197010 4395","English
   Ярус
      Russian
",7,1
1242,194034_4395,"English
   Ярус
      Russian
",1,1
1241,194034_3395,"English
   Ярус
      Russian
",0,2
1240,194894,"English
   Ярус
      Russian
",0,1
1239,1901232_1900,"English
   Ярус
      Russian
",1,1
1238,1901232_1900_S,"English
   Ярус
      Russian
",0,1
1237,"Lorpen S2WL","English
   Ярус
      Russian
",0,1
1236,197010-4395,"English
   Ярус
      Russian
",0,3
1235,"термоштаны polartec","English
   Ярус
      Russian
",24,4
1234,виндстопер,"English
   Ярус
      Russian
",1,1
1233,"under armour","English
   Ярус
      Russian
",3,1
1232,190985-9920,"English
   Ярус
      Russian
",0,1
1231,"утепленное термобелье","English
   Ярус
      Russian
",152,1
1230,1900847_2999,"English
   Ярус
      Russian
",1,1
1229,190847_2999,"English
   Ярус
      Russian
",0,1
1228,1901654_9920,"English
   Ярус
      Russian
",1,4
1227,19200262,"English
   Ярус
      Russian
",0,1
1226,1920062,"English
   Ярус
      Russian
",0,1
1225,19262,"English
   Ярус
      Russian
",0,1
1224,194004_2350,"English
   Ярус
      Russian
",2,1
1223,термободи,"English
   Ярус
      Russian
",0,1
1222,194004_299,"English
   Ярус
      Russian
",2,1
1221,194004_2999,"English
   Ярус
      Russian
",2,7
1220,"Craft Warm Multi 2-Pack","English
   Ярус
      Russian
",155,2
1219,1900732_9920,"English
   Ярус
      Russian
",1,2
1218,193891_9920,"English
   Ярус
      Russian
",1,3
1217,1901653_9920,"English
   Ярус
      Russian
",1,3
1216,1901632_2222,"English
   Ярус
      Russian
",1,5
1215,1901653-9327,"English
   Ярус
      Russian
",0,1
1214,1901653_9327,"English
   Ярус
      Russian
",1,2
1213,1902859,"English
   Ярус
      Russian
",0,4
1212,190285,"English
   Ярус
      Russian
",0,1
1211,повязка,"English
   Ярус
      Russian
",0,1
1210,boxer,"English
   Ярус
      Russian
",0,4
1209,1902320,"English
   Ярус
      Russian
",0,1
1208,1902872,"English
   Ярус
      Russian
",0,1
1207,норфин,"English
   Ярус
      Russian
",0,1
1206,1900249,"English
   Ярус
      Russian
",0,1
1205,1900249_2624,"English
   Ярус
      Russian
",0,1
1204,охота,"English
   Ярус
      Russian
",0,1
1203,1901662_9310,"English
   Ярус
      Russian
",1,2
1202,194034_2999,"English
   Ярус
      Russian
",2,3
1201,Шерсть,"English
   Ярус
      Russian
",25,5
1200,performance,"English
   Ярус
      Russian
",0,1
1199,"run tights","English
   Ярус
      Russian
",0,1
1198,1900020,"English
   Ярус
      Russian
",0,4
1197,1900020_3900,"English
   Ярус
      Russian
",0,1
1196,193675_1418,"English
   Ярус
      Russian
",0,1
1195,1900629_2900,"English
   Ярус
      Russian
",0,1
1194,1900634_2450,"English
   Ярус
      Russian
",0,1
1193,1900765_2624,"English
   Ярус
      Russian
",0,1
1192,1901160,"English
   Ярус
      Russian
",0,1
1191,1901160_1999,"English
   Ярус
      Russian
",0,1
1190,1901160-1999,"English
   Ярус
      Russian
",0,1
1189,199898_1430,"English
   Ярус
      Russian
",0,1
1188,194621_2999,"English
   Ярус
      Russian
",0,1
1187,193901_2639,"English
   Ярус
      Russian
",0,1
1186,193901,"English
   Ярус
      Russian
",0,1
1185,1901640_2395,"English
   Ярус
      Russian
",1,3
1184,193756_2334,"English
   Ярус
      Russian
",0,2
1183,197010_4395,"English
   Ярус
      Russian
",1,3
1182,199899_2399,"English
   Ярус
      Russian
",1,2
1181,199899,"English
   Ярус
      Russian
",2,1
1180,199899-2399,"English
   Ярус
      Russian
",0,2
1179,190144,"English
   Ярус
      Russian
",0,1
1178,194165,"English
   Ярус
      Russian
",0,1
1177,193875,"English
   Ярус
      Russian
",0,1
1176,199898,"English
   Ярус
      Russian
",0,1
1175,194615,"English
   Ярус
      Russian
",2,5
1174,"Wn Knicker","English
   Ярус
      Russian
",0,1
1173,1900254,"English
   Ярус
      Russian
",2,3
1172,1901660,"English
   Ярус
      Russian
",0,1
1171,1900260,"English
   Ярус
      Russian
",0,1
1170,1901632_2465,"English
   Ярус
      Russian
",2,1
1169,ощущение,"English
   Ярус
      Russian
",4,1
1168,таблица,"English
   Ярус
      Russian
",0,1
1161,190983_9920,"English
   Ярус
      Russian
",1,5
1155,"ACTIVE LONG UNDERPANTS","English
   Ярус
      Russian
",65,3
1151,1901680,"English
   Ярус
      Russian
",0,1
1149,1901680-8310,"English
   Ярус
      Russian
",0,1
1148,194623,"English
   Ярус
      Russian
",0,1
1147,1901662_2399,"English
   Ярус
      Russian
",1,1
1145,"gen III","English
   Ярус
      Russian
",0,1
1139,"64 размер","English
   Ярус
      Russian
",70,6
1133,"детские термо носки","English
   Ярус
      Russian
",76,7
1117,термоперчатки,"English
   Ярус
      Russian
",0,1
1115,"носки децкие","English
   Ярус
      Russian
",43,1
1108,лыжное,"English
   Ярус
      Russian
",0,1
1105,"ACTIVE EXTREME WINDSTOPPER","English
   Ярус
      Russian
",59,1
1104,"men be active","English
   Ярус
      Russian
",60,1
1094,"термоноски на каждый день зима","English
   Ярус
      Russian
",107,3
1079,"craft wool","English
   Ярус
      Russian
",98,1
1074,"ACTIVE MULTI 2","English
   Ярус
      Russian
",73,1
1072,knecker,"English
   Ярус
      Russian
",0,1
1067,tactic,"English
   Ярус
      Russian
",0,1
1066,tactik,"English
   Ярус
      Russian
",0,1
1063,1900263_1999,"English
   Ярус
      Russian
",1,1
1058,ventilation,"English
   Ярус
      Russian
",0,3
1057,"l1 ventilation","English
   Ярус
      Russian
",0,2
1050,"WARM WOOL MULTIFUNCTION UNISEX","English
   Ярус
      Russian
",26,1
1046,"для зимней рибалки термобелье мужское","English
   Ярус
      Russian
",73,1
1039,"для зимней рибалки термобелье","English
   Ярус
      Russian
",73,1
1016,"Active Extreme Knickers Men","English
   Ярус
      Russian
",37,1
1012,polar,"English
   Ярус
      Russian
",2,1
1011,"craft multi 2 pack be active","English
   Ярус
      Russian
",74,2
995,"ZERO EXTREME MEN CREWNECK","English
   Ярус
      Russian
",22,1
993,"женские боксеры","English
   Ярус
      Russian
",8,1
992,"женские полубоксеры","English
   Ярус
      Russian
",7,1
985,"Multi 2-Pack Warm Men CRAFT","English
   Ярус
      Russian
",99,1
984,1900251-YG-0696,"English
   Ярус
      Russian
",0,1
971,вискоза,"English
   Ярус
      Russian
",0,1
969,193891,"English
   Ярус
      Russian
",1,2
968,"Мужская терморубашка CRAFT® Active Extreme CN M (190983_8920)","English
   Ярус
      Russian
",109,1
967,"Craft Keep Warm Multi 2-pack M 1900262","English
   Ярус
      Russian
",109,1
966,"Craft Active Long","English
   Ярус
      Russian
",99,1
965,ткань,"English
   Ярус
      Russian
",94,2
962,"NORFIN NORD","English
   Ярус
      Russian
",2,1
956,1900848_2999,"English
   Ярус
      Russian
",1,1
955,1900848_2999_122,"English
   Ярус
      Russian
",0,1
954,JW_1900848_2999_122,"English
   Ярус
      Russian
",0,1
953,"спортивный топ","English
   Ярус
      Russian
",29,1
949,"Warm Wool Crewneck","English
   Ярус
      Russian
",26,1
948,"PZ WN TEE (199894)","English
   Ярус
      Russian
",0,1
945,флисов,"English
   Ярус
      Russian
",6,1
940,термобелье,"English
   Ярус
      Russian
",73,5
938,1901637-9980,"English
   Ярус
      Russian
",0,3
935,194619,"English
   Ярус
      Russian
",0,1
933,труссы,"English
   Ярус
      Russian
",0,1
931,"нижнее белье","English
   Ярус
      Russian
",73,1
926,"экипировочная одежда для беговых лыж","English
   Ярус
      Russian
",86,2
914,"одежда для беговых лыж","English
   Ярус
      Russian
",86,1
899,194169,"English
   Ярус
      Russian
",0,1
898,1902552,"English
   Ярус
      Russian
",0,1
897,водоотталкивающий,"English
   Ярус
      Russian
",0,2
890,193756,"English
   Ярус
      Russian
",0,2
886,Caвep,"English
   Ярус
      Russian
",0,2
879,"CRAFT ACTIVE MULTI 2-PACK W","English
   Ярус
      Russian
",87,1
878,Windstopper,"English
   Ярус
      Russian
",0,2
877,AE_MAN_193893,"English
   Ярус
      Russian
",0,1
876,AE_MAN_190985_2999,"English
   Ярус
      Russian
",2,1
875,193893,"English
   Ярус
      Russian
",0,1
874,"Active Extreme WS","English
   Ярус
      Russian
",47,1
873,"головной убор","English
   Ярус
      Russian
",16,1
867,"Pulover Men","English
   Ярус
      Russian
",0,1
865,"Active Shift Pulover Men","English
   Ярус
      Russian
",47,2
862,MP_193898_2462_CN_LS_S,"English
   Ярус
      Russian
",0,1
858,anata,"English
   Ярус
      Russian
",0,1
857,anatas,"English
   Ярус
      Russian
",0,1
855,Шапки,"English
   Ярус
      Russian
",0,1
853,"Craft Zero Crewneck Long Sleeve  Подробнее: http://rozetka.com.ua/outdoorsman/tourizm/thermal_wear/comparison/ids=390209%2C39012","English
   Ярус
      Russian
",83,1
852,194004XS_3950,"English
   Ярус
      Russian
",0,1
849,L1ventilation,"English
   Ярус
      Russian
",0,1
840,шарф,"English
   Ярус
      Russian
",0,2
839,CR_WOMAN_198842_1624_M,"English
   Ярус
      Russian
",1,1
838,CR_WOMAN_1900766_2624_M,"English
   Ярус
      Russian
",1,1
837,190990,"English
   Ярус
      Russian
",0,1
836,"190990	1900","English
   Ярус
      Russian
",23,1
828,190987_9334,"English
   Ярус
      Russian
",0,1
822,"носки Craft Warm Alpine Sock","English
   Ярус
      Russian
",71,6
821,"Craft Warm Alpine Sock","English
   Ярус
      Russian
",71,3
820,saver,"English
   Ярус
      Russian
",10,10
815,"keep warm multi","English
   Ярус
      Russian
",15,1
804,"Craft Warm Crewneck","English
   Ярус
      Russian
",50,1
801,1900848,"English
   Ярус
      Russian
",1,1
800,отзывы,"English
   Ярус
      Russian
",1,4
798,PowerStretch,"English
   Ярус
      Russian
",1,2
797,"крафт 40","English
   Ярус
      Russian
",20,2
788,1938982462,"English
   Ярус
      Russian
",0,1
785,MP_1900251_2999_RN_LS,"English
   Ярус
      Russian
",1,2
784,1901640,"English
   Ярус
      Russian
",4,4
783,"Keep Warm Multi 2-Pack","English
   Ярус
      Russian
",16,1
780,волокно,"English
   Ярус
      Russian
",15,1
776,НАПУЛЬСНИК,"English
   Ярус
      Russian
",0,2
773,"женские термоноски","English
   Ярус
      Russian
",10,2
756,"2-Pack Men","English
   Ярус
      Russian
",1,2
755,"Craft Warm Multi 2-Pack Men","English
   Ярус
      Russian
",158,6
754,"Craft Warm Multi","English
   Ярус
      Russian
",156,2
752,"craft warm wool","English
   Ярус
      Russian
",157,12
745,вело,"English
   Ярус
      Russian
",7,1
744,велосипед,"English
   Ярус
      Russian
",0,1
742,микрофибра,"English
   Ярус
      Russian
",0,1
739,поликатон,"English
   Ярус
      Russian
",0,1
735,кевлар,"English
   Ярус
      Russian
",0,1
733,кепка,"English
   Ярус
      Russian
",0,1
730,"Перчатки-варежки Norfin","English
   Ярус
      Russian
",1,2
729,"Перчатки-варежки Norfin 703025","English
   Ярус
      Russian
",2,1
724,"NORFIN SNOW","English
   Ярус
      Russian
",2,1
721,skinlife,"English
   Ярус
      Russian
",0,1
712,192410_2900,"English
   Ярус
      Russian
",1,1
707,лиф,"English
   Ярус
      Russian
",0,1
705,бюст,"English
   Ярус
      Russian
",0,1
699,Coolmax,"English
   Ярус
      Russian
",41,4
696,термокомплекты,"English
   Ярус
      Russian
",0,1
695,1902508,"English
   Ярус
      Russian
",0,1
692,bike,"English
   Ярус
      Russian
",0,1
690,"TBmasi1 = TBmasi1 + 1","English
   Ярус
      Russian
",54,2
687,190983_2999,"English
   Ярус
      Russian
",1,4
686,1902256,"English
   Ярус
      Russian
",0,2
685,"1902256 9980","English
   Ярус
      Russian
",3,1
683,1902256-9980,"English
   Ярус
      Russian
",0,1
679,glove,"English
   Ярус
      Russian
",0,1
678,"Термобелье Craft Warm Multi 2-Pack M","English
   Ярус
      Russian
",54,4
675,куртки,"English
   Ярус
      Russian
",2,4
669,эластан,"English
   Ярус
      Russian
",15,1
668,"Белье микрофлисовое NORFIN Nord","English
   Ярус
      Russian
",43,3
667,"Craft AB BIB MEN","English
   Ярус
      Russian
",52,1
666,термотрусы,"English
   Ярус
      Russian
",0,3
664,термотрусі,"English
   Ярус
      Russian
",0,1
657,"спортивный бюстгалтер крафт","English
   Ярус
      Russian
",9,2
642,193867_2940,"English
   Ярус
      Russian
",1,4
636,"трусы мужские влаготоводящие","English
   Ярус
      Russian
",8,1
626,"мужское термобелье крафт","English
   Ярус
      Russian
",3,16
612,мужское,"English
   Ярус
      Russian
",2,7
606,"термо белье","English
   Ярус
      Russian
",51,6
604,SV_MAN_003_01_,"English
   Ярус
      Russian
",0,1
603,SV_MAN_003_01_S,"English
   Ярус
      Russian
",0,1
602,1900847_2900,"English
   Ярус
      Russian
",1,1
601,190985_2671,"English
   Ярус
      Russian
",1,1
600,MP_193898_1999,"English
   Ярус
      Russian
",1,1
599,MP_193898_1999_CN_LS_L,"English
   Ярус
      Russian
",0,1
598,AE_MAN_190983_3900,"English
   Ярус
      Russian
",1,1
595,AE_MAN_190983_3900_CN_LS_M,"English
   Ярус
      Russian
",0,2
594,"stay cool","English
   Ярус
      Russian
",43,8
592,бафф,"English
   Ярус
      Russian
",0,1
591,баф,"English
   Ярус
      Russian
",0,2
590,190989,"English
   Ярус
      Russian
",8,8
589,"Артикул 190989","English
   Ярус
      Russian
",0,1
588,"power stretch","English
   Ярус
      Russian
",14,4
587,"Термоштаны CRAFT Active","English
   Ярус
      Russian
",54,1
573,икс-бионикс,"English
   Ярус
      Russian
",0,1
559,"летние футболки термо","English
   Ярус
      Russian
",56,7
553,1900469,"English
   Ярус
      Russian
",0,1
552,1900707,"English
   Ярус
      Russian
",0,1
551,"Craft Cool boxer","English
   Ярус
      Russian
",151,3
549,"Craft COOL Superlight 1900730","English
   Ярус
      Russian
",55,1
547,"Гоночный комбинезон EXC Олимпийский гоночный костюм","English
   Ярус
      Russian
",2,1
545,"Craft be Active Extreme","English
   Ярус
      Russian
",55,2
543,invista,"English
   Ярус
      Russian
",0,1
537,1900766_2624,"English
   Ярус
      Russian
",0,2
536,unisex,"English
   Ярус
      Russian
",0,1
531,elite,"English
   Ярус
      Russian
",0,1
529,crane,"English
   Ярус
      Russian
",0,1
525,190985_2999,"English
   Ярус
      Russian
",2,1
520,1900262_2999,"English
   Ярус
      Russian
",1,3
515,"Craft Active Extreme Crewneck Men L","English
   Ярус
      Russian
",61,1
510,советы,"English
   Ярус
      Russian
",0,1
509,197011,"English
   Ярус
      Russian
",0,1
507,193898_1999,"English
   Ярус
      Russian
",1,4
505,"power dry","English
   Ярус
      Russian
",4,1
503,194004.2999,"English
   Ярус
      Russian
",0,1
499,1900846_2999,"English
   Ярус
      Russian
",0,2
496,400000309,"English
   Ярус
      Russian
",0,1
492,"warm underpants","English
   Ярус
      Russian
",13,2
485,балаклава,"English
   Ярус
      Russian
",0,9
483,"AB LOOSE FIT SHORTS","English
   Ярус
      Russian
",0,1
481,MP_1900262_2999_RN_LS,"English
   Ярус
      Russian
",0,3
480,193894_1999,"English
   Ярус
      Russian
",0,9
478,"19,","English
   Ярус
      Russian
",0,1
475,майка,"English
   Ярус
      Russian
",0,1
474,193898_2474,"English
   Ярус
      Russian
",1,2
473,1901666_2474,"English
   Ярус
      Russian
",0,1
470,11901653,"English
   Ярус
      Russian
",0,1
466,193898_2462,"English
   Ярус
      Russian
",1,4
464,1901653_2490,"English
   Ярус
      Russian
",1,6
461,193228_1999,"English
   Ярус
      Russian
",1,1
459,193228_2999,"English
   Ярус
      Russian
",0,1
454,194004_4395,"English
   Ярус
      Russian
",2,4
451,1901632_2900,"English
   Ярус
      Russian
",2,2
450,11901632_2900,"English
   Ярус
      Russian
",0,1
446,1901637_2395,"English
   Ярус
      Russian
",2,4
444,1901635_9980,"English
   Ярус
      Russian
",1,1
442,1901632_9980,"English
   Ярус
      Russian
",1,1
440,1901632,"English
   Ярус
      Russian
",10,4
438,1900764,"English
   Ярус
      Russian
",0,1
437,"Malden Mills","English
   Ярус
      Russian
",0,1
434,99431,"English
   Ярус
      Russian
",0,2
430,polartec,"English
   Ярус
      Russian
",14,4
423,"CRAFT Thermal Stretch Pullover W black","English
   Ярус
      Russian
",66,2
422,"polartec power","English
   Ярус
      Russian
",4,1
421,"Термобелье Craft Active Multi 2-Pack Wmn","English
   Ярус
      Russian
",66,1
420,маска,"English
   Ярус
      Russian
",0,2
419,194004-yd-0039,"English
   Ярус
      Russian
",0,1
412,савер,"English
   Ярус
      Russian
",0,10
409,"термоноски Norfin","English
   Ярус
      Russian
",9,1
402,"zerp extreme","English
   Ярус
      Russian
",11,1
396,190983-ye-0696,"English
   Ярус
      Russian
",0,1
388,"Basic zero layer","English
   Ярус
      Russian
",16,1
384,"Basic zero","English
   Ярус
      Russian
",16,2
380,STRETCH,"English
   Ярус
      Russian
",4,1
379,"Active Multi 2-Pack","English
   Ярус
      Russian
",89,9
378,1902341,"English
   Ярус
      Russian
",0,1
377,"Active WS Hat U","English
   Ярус
      Russian
",44,2
376,"№ 1901653","English
   Ярус
      Russian
",3,2
369,Жилет,"English
   Ярус
      Russian
",0,2
368,bra,"English
   Ярус
      Russian
",0,2
366,"CRAFT Active Multi 2-pack","English
   Ярус
      Russian
",158,6
360,"be active","English
   Ярус
      Russian
",86,4
352,193894-9310,"English
   Ярус
      Russian
",0,1
349,193,"English
   Ярус
      Russian
",8,1
347,размер,"English
   Ярус
      Russian
",21,2
345,"Craft Warm CK Wool Underpants Men","English
   Ярус
      Russian
",64,1
342,194004-ye-0039,"English
   Ярус
      Russian
",0,2
332,rn99431,"English
   Ярус
      Russian
",0,2
328,линейка,"English
   Ярус
      Russian
",16,1
326,"Active Extreme","English
   Ярус
      Russian
",86,6
323,"Функциональной единицей почки является?","English
   Ярус
      Russian
",7,1
321,"Носки &quot;Smartwool&quot;","English
   Ярус
      Russian
",33,8
320,"norfin mild line","English
   Ярус
      Russian
",1,1
319,1901635,"English
   Ярус
      Russian
",7,4
317,"Craft Warm 2-pack Men","English
   Ярус
      Russian
",157,7
316,wool,"English
   Ярус
      Russian
",0,4
313,"Warm Multi 2-Pack M","English
   Ярус
      Russian
",65,3
312,"Craft Warm Multi 2-Pack M","English
   Ярус
      Russian
",89,2
311,192424,"English
   Ярус
      Russian
",0,1
310,"craft warm","English
   Ярус
      Russian
",61,9
305,"PC Boxer W Mesh Men","English
   Ярус
      Russian
",39,1
304,193687,"English
   Ярус
      Russian
",0,1
303,"AB SKIRT WMN","English
   Ярус
      Russian
",0,1
302,190692,"English
   Ярус
      Russian
",0,1
285,женское,"English
   Ярус
      Russian
",5,2
280,193894,"English
   Ярус
      Russian
",0,13
279,"craft zero extreem","English
   Ярус
      Russian
",68,1
276,"craft pro zero","English
   Ярус
      Russian
",68,3
273,"craft pro","English
   Ярус
      Russian
",2,5
272,футболка,"English
   Ярус
      Russian
",3,8
270,norfin,"English
   Ярус
      Russian
",2,24
261,"тонкое влаговыводящее термобелье.","English
   Ярус
      Russian
",10,2
260,"Active Zip","English
   Ярус
      Russian
",40,4
259,"Active Crew","English
   Ярус
      Russian
",40,6
258,1901382,"English
   Ярус
      Russian
",0,1
257,1900927,"English
   Ярус
      Russian
",0,1
256,1900721,"English
   Ярус
      Russian
",0,2
255,1900692,"English
   Ярус
      Russian
",0,2
254,"Craft Warm Underpants M","English
   Ярус
      Russian
",72,2
253,"craft basic 2-pack","English
   Ярус
      Russian
",70,2
250,"craft basik 2-pack m","English
   Ярус
      Russian
",68,1
233,термошорти,"English
   Ярус
      Russian
",0,1
231,термо,"English
   Ярус
      Russian
",77,1
229,трусы,"English
   Ярус
      Russian
",0,9
228,грелки,"English
   Ярус
      Russian
",0,1
227,"Norfin CREECK","English
   Ярус
      Russian
",3,1
226,шапка,"English
   Ярус
      Russian
",0,32
225,basic,"English
   Ярус
      Russian
",4,14
223,x-bionic,"English
   Ярус
      Russian
",0,5
221,"x bionic","English
   Ярус
      Russian
",33,1
217,"pro zero extrim","English
   Ярус
      Russian
",12,2
208,pro,"English
   Ярус
      Russian
",0,1
207,скидки,"English
   Ярус
      Russian
",0,1
202,"Craft Warm Wool Underpants Men","English
   Ярус
      Russian
",53,5
201,"Terra Incognita","English
   Ярус
      Russian
",0,1
200,1901654,"English
   Ярус
      Russian
",5,151
199,1901653,"English
   Ярус
      Russian
",5,257
198,193898,"English
   Ярус
      Russian
",3,272
197,"Craft Cross-Country Zero","English
   Ярус
      Russian
",51,2
196,"zero extreme","English
   Ярус
      Russian
",22,1
193,"AB Glove","English
   Ярус
      Russian
",0,1
190,"носки крафт","English
   Ярус
      Russian
",7,3
188,носки,"English
   Ярус
      Russian
",81,70
183,193141,"English
   Ярус
      Russian
",0,2
182,"Warm Multi","English
   Ярус
      Russian
",71,2
181,"Warm XC Skiing","English
   Ярус
      Russian
",15,1
180,"Cool XC Skiing","English
   Ярус
      Russian
",16,4
177,1900262,"English
   Ярус
      Russian
",1,5
168,"комплект с WS","English
   Ярус
      Russian
",45,1
161,MP_193894_1999_CN_LS_XL,"English
   Ярус
      Russian
",0,1
160,1901637,"English
   Ярус
      Russian
",8,14
159,1900742,"English
   Ярус
      Russian
",1,1
158,190983,"English
   Ярус
      Russian
",5,9
157,"CRAFT Active Extreme Roundneck","English
   Ярус
      Russian
",43,1
156,"MULTI 2-PACK MEN","English
   Ярус
      Russian
",2,1
152,"COOL BIKE BOXER W","English
   Ярус
      Russian
",30,1
150,термоноски,"English
   Ярус
      Russian
",12,14
144,"warm wool","English
   Ярус
      Russian
",58,14
141,194034,"English
   Ярус
      Russian
",4,7
140,"Warm Wool Round Neck","English
   Ярус
      Russian
",35,4
138,"Warm CK Wool Round Neck","English
   Ярус
      Russian
",38,3
134,193228,"English
   Ярус
      Russian
",1,10
133,"Pro Warm","English
   Ярус
      Russian
",18,3
131,"Craft Pro Warm Crew Women's","English
   Ярус
      Russian
",41,2
130,1901666,"English
   Ярус
      Russian
",0,1
127,тайтсы,"English
   Ярус
      Russian
",0,1
125,"зачем человеку термобелье","English
   Ярус
      Russian
",29,2
118,шорты,"English
   Ярус
      Russian
",0,6
117,"шорты, плавки","English
   Ярус
      Russian
",0,1
114,термошорты,"English
   Ярус
      Russian
",0,1
111,194617,"English
   Ярус
      Russian
",0,2
110,11900245,"English
   Ярус
      Russian
",0,1
109,190987_2999,"English
   Ярус
      Russian
",1,3
108,1900748,"English
   Ярус
      Russian
",0,1
107,1901976,"English
   Ярус
      Russian
",0,1
106,"CRAFT PRO ZERO EXTREME WS","English
   Ярус
      Russian
",124,4
104,бандана,"English
   Ярус
      Russian
",0,3
100,190985,"English
   Ярус
      Russian
",5,18
99,199895,"English
   Ярус
      Russian
",3,11
94,"xxl размер","English
   Ярус
      Russian
",9,18
74,1900647,"English
   Ярус
      Russian
",0,1
67,194004,"English
   Ярус
      Russian
",6,1986
65,принцыпы,"English
   Ярус
      Russian
",0,1
61,"крафт би актив","English
   Ярус
      Russian
",52,13405
59,warm,"English
   Ярус
      Russian
",16,5736
54,полипропилен,"English
   Ярус
      Russian
",4,291
53,функциональное,"English
   Ярус
      Russian
",0,8378
49,перчатки,"English
   Ярус
      Russian
",0,13
44,флис,"English
   Ярус
      Russian
",3,4
42,бодимапинг,"English
   Ярус
      Russian
",31,7023
36,1900846,"English
   Ярус
      Russian
",2,208
34,1900847,"English
   Ярус
      Russian
",2,269
32,197010,"English
   Ярус
      Russian
",4,466
31,1900251,"English
   Ярус
      Russian
",1,692
30,1901662,"English
   Ярус
      Russian
",7,14
24,active,"English
   Ярус
      Russian
",86,16356
22,1900245,"English
   Ярус
      Russian
",1,2124
21,190987,"English
   Ярус
      Russian
",4,1420
20,ботинки,"English
   Ярус
      Russian
",0,1
